{"cameraMode":{"drawMode":0,"name":"Shaded","section":"Shading Mode"},"sceneLighting":false,"audioPlay":false,"sceneViewState":{"showFog":true,"showMaterialUpdate":false,"showSkybox":false,"showFlares":true,"showImageEffects":true,"showParticleSystems":true},"in2DMode":false,"pivot":{"x":1.3578433990478516,"y":-9.675323486328125,"z":10.487236022949219},"rotation":{"x":0.25213396549224856,"y":0.20565101504325868,"z":-0.05492839589715004,"w":0.9439955949783325},"size":34.07961654663086,"orthographic":false}