{"cameraMode":{"drawMode":0,"name":"Shaded","section":"Shading Mode"},"sceneLighting":false,"audioPlay":false,"sceneViewState":{"showFog":true,"showMaterialUpdate":false,"showSkybox":false,"showFlares":true,"showImageEffects":true,"showParticleSystems":true},"in2DMode":false,"pivot":{"x":-9.289999961853028,"y":9.010000228881836,"z":11.0600004196167},"rotation":{"x":0.1235237792134285,"y":0.57890385389328,"z":-0.08926963061094284,"w":0.8010330200195313},"size":2.8578836917877199,"orthographic":true}