{"cameraMode":{"drawMode":0,"name":"Shaded","section":"Shading Mode"},"sceneLighting":false,"audioPlay":false,"sceneViewState":{"showFog":true,"showMaterialUpdate":false,"showSkybox":false,"showFlares":true,"showImageEffects":true,"showParticleSystems":true},"in2DMode":false,"pivot":{"x":3.290708541870117,"y":5.760396957397461,"z":-0.6521806716918945},"rotation":{"x":0.16570588946342469,"y":0.6346580386161804,"z":-0.14185366034507752,"w":0.7413730025291443},"size":33.76874923706055,"orthographic":false}